SrcMac,DstMac,SrcAddr,Sport,DstAddr,Dport,Proto,Mean,TotPkts,SrcPkts,DstPkts,TotBytes,SrcBytes,DstBytes,Rate,State,Dur
00:13:80:5c:32:c0,00:21:56:ef:bc:00,1.23.177.16,47159,172.28.4.7,80,6,0.000010,2,2,0,120,120,0,100000.000000,s,0.000010
00:13:80:5c:32:c0,00:21:56:ef:bc:00,1.23.177.16,34564,172.28.4.7,80,6,0.000005,2,2,0,120,120,0,200000.000000,s,0.000005
00:13:80:5c:32:c0,00:21:56:ef:bc:00,1.90.252.36,8716,172.28.4.7,80,6,0.000009,2,2,0,120,120,0,111111.109375,s,0.000009
00:13:80:5c:32:c0,00:21:56:ef:bc:00,1.90.252.36,29548,172.28.4.7,80,6,0.000002,2,2,0,120,120,0,500000.000000,s,0.000002
